"DESCRIPTION","DURATION IN MS","NAME","PARENT SUITE","START TIME","STATUS","STOP TIME","SUB SUITE","SUITE","TEST CLASS","TEST METHOD"
"","333","deveRetornarImagensValidasParaRacasConhecidas (String) raca akita deve retornar imagens validas","","Fri Oct 02 12:07:01 UTC 2026","passed","Fri Oct 02 12:07:02 UTC 2026","","br.com.silas.agiapi.tests.dogs.BreedImagesTest","br.com.silas.agiapi.tests.dogs.BreedImagesTest","deveRetornarImagensValidasParaRacasConhecidas"
"","3430","Deve retornar uma imagem aleatoria com contrato valido","","Fri Oct 02 12:06:58 UTC 2026","passed","Fri Oct 02 12:07:01 UTC 2026","","br.com.silas.agiapi.tests.dogs.RandomImageTest","br.com.silas.agiapi.tests.dogs.RandomImageTest","deveRetornarUmaImagemAleatoriaComContratoValido"
"","341","Deve retornar racas em formato de mapa com listas de sub-racas","","Fri Oct 02 12:07:01 UTC 2026","passed","Fri Oct 02 12:07:01 UTC 2026","","br.com.silas.agiapi.tests.dogs.BreedListTest","br.com.silas.agiapi.tests.dogs.BreedListTest","deveRetornarRacasEmFormatoDeMapaComListasDeSubRacas"
"","345","Deve listar imagens de uma raca existente","","Fri Oct 02 12:07:01 UTC 2026","passed","Fri Oct 02 12:07:02 UTC 2026","","br.com.silas.agiapi.tests.dogs.BreedImagesTest","br.com.silas.agiapi.tests.dogs.BreedImagesTest","deveListarImagensDeUmaRacaExistente"
"","3138","Deve listar todas as racas com contrato valido","","Fri Oct 02 12:06:58 UTC 2026","passed","Fri Oct 02 12:07:01 UTC 2026","","br.com.silas.agiapi.tests.dogs.BreedListTest","br.com.silas.agiapi.tests.dogs.BreedListTest","deveListarTodasAsRacasComContratoValido"
"","3459","deveRetornarImagensValidasParaRacasConhecidas (String) raca hound deve retornar imagens validas","","Fri Oct 02 12:06:58 UTC 2026","passed","Fri Oct 02 12:07:01 UTC 2026","","br.com.silas.agiapi.tests.dogs.BreedImagesTest","br.com.silas.agiapi.tests.dogs.BreedImagesTest","deveRetornarImagensValidasParaRacasConhecidas"
"","2915","Deve retornar racas conhecidas e sub-racas","","Fri Oct 02 12:06:58 UTC 2026","passed","Fri Oct 02 12:07:01 UTC 2026","","br.com.silas.agiapi.tests.dogs.BreedListTest","br.com.silas.agiapi.tests.dogs.BreedListTest","deveRetornarRacasConhecidasESubRacas"
"","264","deveRetornarImagensValidasParaRacasConhecidas (String) raca pug deve retornar imagens validas","","Fri Oct 02 12:07:01 UTC 2026","passed","Fri Oct 02 12:07:02 UTC 2026","","br.com.silas.agiapi.tests.dogs.BreedImagesTest","br.com.silas.agiapi.tests.dogs.BreedImagesTest","deveRetornarImagensValidasParaRacasConhecidas"
"","264","Deve retornar erro ao consultar raca inexistente","","Fri Oct 02 12:07:01 UTC 2026","passed","Fri Oct 02 12:07:01 UTC 2026","","br.com.silas.agiapi.tests.dogs.BreedImagesTest","br.com.silas.agiapi.tests.dogs.BreedImagesTest","deveRetornarErroAoConsultarRacaInexistente"
"","211","deveRetornarImagensValidasParaRacasConhecidas (String) raca retriever deve retornar imagens validas","","Fri Oct 02 12:07:02 UTC 2026","passed","Fri Oct 02 12:07:02 UTC 2026","","br.com.silas.agiapi.tests.dogs.BreedImagesTest","br.com.silas.agiapi.tests.dogs.BreedImagesTest","deveRetornarImagensValidasParaRacasConhecidas"
